{
  "id": "3186939",
  "name": "线上畅读",
  "font_family": "iconfont",
  "css_prefix_text": "icon-",
  "description": "",
  "glyphs": [
    {
      "icon_id": "397957",
      "name": "书本",
      "font_class": "shuben",
      "unicode": "e625",
      "unicode_decimal": 58917
    },
    {
      "icon_id": "577341",
      "name": "购物车",
      "font_class": "gouwuche",
      "unicode": "e73d",
      "unicode_decimal": 59197
    },
    {
      "icon_id": "900128",
      "name": "免费",
      "font_class": "mianfei",
      "unicode": "e645",
      "unicode_decimal": 58949
    },
    {
      "icon_id": "2076426",
      "name": "搜索小",
      "font_class": "sousuoxiao",
      "unicode": "e8d6",
      "unicode_decimal": 59606
    },
    {
      "icon_id": "2675010",
      "name": "分类",
      "font_class": "fenlei",
      "unicode": "e62f",
      "unicode_decimal": 58927
    },
    {
      "icon_id": "2811147",
      "name": "会员",
      "font_class": "huiyuan",
      "unicode": "e640",
      "unicode_decimal": 58944
    },
    {
      "icon_id": "5979984",
      "name": "汉堡菜单折叠",
      "font_class": "hanbaocaidanzhedie",
      "unicode": "e630",
      "unicode_decimal": 58928
    },
    {
      "icon_id": "6129261",
      "name": "222扫一扫、扫描",
      "font_class": "saoyisaosaomiao",
      "unicode": "e7c1",
      "unicode_decimal": 59329
    },
    {
      "icon_id": "11806639",
      "name": "书店荐购",
      "font_class": "shudianjiangou",
      "unicode": "e603",
      "unicode_decimal": 58883
    }
  ]
}
