{
  "id": "3188573",
  "name": "生活馆",
  "font_family": "iconfont",
  "css_prefix_text": "icon-",
  "description": "",
  "glyphs": [
    {
      "icon_id": "2868",
      "name": "电影票",
      "font_class": "dianyingpiao",
      "unicode": "e600",
      "unicode_decimal": 58880
    },
    {
      "icon_id": "68264",
      "name": "搜索，猫客",
      "font_class": "sousuo",
      "unicode": "e601",
      "unicode_decimal": 58881
    },
    {
      "icon_id": "201228",
      "name": "3.1我的",
      "font_class": "31wode",
      "unicode": "e602",
      "unicode_decimal": 58882
    },
    {
      "icon_id": "658012",
      "name": "飞机",
      "font_class": "feiji",
      "unicode": "e655",
      "unicode_decimal": 58965
    },
    {
      "icon_id": "963806",
      "name": "服务超市",
      "font_class": "fuwuchaoshi",
      "unicode": "e61c",
      "unicode_decimal": 58908
    },
    {
      "icon_id": "1010133",
      "name": "服务",
      "font_class": "fuwu",
      "unicode": "e627",
      "unicode_decimal": 58919
    },
    {
      "icon_id": "1111475",
      "name": "附近",
      "font_class": "fujin",
      "unicode": "e65b",
      "unicode_decimal": 58971
    },
    {
      "icon_id": "2286510",
      "name": "对话",
      "font_class": "duihua",
      "unicode": "e607",
      "unicode_decimal": 58887
    },
    {
      "icon_id": "2675009",
      "name": "首页",
      "font_class": "shouye",
      "unicode": "e62e",
      "unicode_decimal": 58926
    },
    {
      "icon_id": "4450051",
      "name": "扫描",
      "font_class": "saomiao",
      "unicode": "e65c",
      "unicode_decimal": 58972
    },
    {
      "icon_id": "5091087",
      "name": "蛋糕",
      "font_class": "dangao",
      "unicode": "e616",
      "unicode_decimal": 58902
    },
    {
      "icon_id": "5222608",
      "name": "礼品",
      "font_class": "lipin",
      "unicode": "e617",
      "unicode_decimal": 58903
    },
    {
      "icon_id": "6775451",
      "name": "骑车",
      "font_class": "yiliaohangyedeICON-",
      "unicode": "e635",
      "unicode_decimal": 58933
    },
    {
      "icon_id": "7592559",
      "name": "24gl-headset",
      "font_class": "24gl-headset",
      "unicode": "ea0a",
      "unicode_decimal": 59914
    },
    {
      "icon_id": "11043262",
      "name": "临终关怀科",
      "font_class": "linzhongguanhuaike",
      "unicode": "e677",
      "unicode_decimal": 58999
    },
    {
      "icon_id": "24846593",
      "name": "文件、书本",
      "font_class": "a-wenjianshuben",
      "unicode": "e621",
      "unicode_decimal": 58913
    }
  ]
}
