{
  "id": "3943153",
  "name": "专利",
  "font_family": "iconfont",
  "css_prefix_text": "icon-",
  "description": "",
  "glyphs": [
    {
      "icon_id": "952",
      "name": "云上传",
      "font_class": "yunshangchuan",
      "unicode": "e600",
      "unicode_decimal": 58880
    },
    {
      "icon_id": "162881",
      "name": "全部订单",
      "font_class": "quanbudingdan",
      "unicode": "e601",
      "unicode_decimal": 58881
    },
    {
      "icon_id": "577374",
      "name": "通知",
      "font_class": "tongzhi",
      "unicode": "e759",
      "unicode_decimal": 59225
    },
    {
      "icon_id": "577379",
      "name": "我的",
      "font_class": "wode",
      "unicode": "e75e",
      "unicode_decimal": 59230
    },
    {
      "icon_id": "629343",
      "name": "首页",
      "font_class": "shouye",
      "unicode": "e64f",
      "unicode_decimal": 58959
    },
    {
      "icon_id": "827886",
      "name": "预警",
      "font_class": "yujing",
      "unicode": "e717",
      "unicode_decimal": 59159
    },
    {
      "icon_id": "1048418",
      "name": "箱包类目",
      "font_class": "xiangbaoleimu",
      "unicode": "e6ee",
      "unicode_decimal": 59118
    },
    {
      "icon_id": "2187798",
      "name": "我的委托",
      "font_class": "wodeweituo",
      "unicode": "e617",
      "unicode_decimal": 58903
    },
    {
      "icon_id": "2740269",
      "name": "办学评估",
      "font_class": "banxuepinggu",
      "unicode": "e602",
      "unicode_decimal": 58882
    },
    {
      "icon_id": "5387527",
      "name": "加号",
      "font_class": "jiahao",
      "unicode": "eaf3",
      "unicode_decimal": 60147
    },
    {
      "icon_id": "8094195",
      "name": "记录",
      "font_class": "jilu",
      "unicode": "e648",
      "unicode_decimal": 58952
    },
    {
      "icon_id": "8652825",
      "name": "通知",
      "font_class": "tongzhi1",
      "unicode": "e64a",
      "unicode_decimal": 58954
    },
    {
      "icon_id": "11140099",
      "name": "缴费支付",
      "font_class": "jiaofeizhifu",
      "unicode": "e69c",
      "unicode_decimal": 59036
    },
    {
      "icon_id": "12598991",
      "name": "统计",
      "font_class": "tongji",
      "unicode": "e608",
      "unicode_decimal": 58888
    },
    {
      "icon_id": "14310218",
      "name": "商品管理",
      "font_class": "shangpinguanli",
      "unicode": "e625",
      "unicode_decimal": 58917
    }
  ]
}
