{
  "id": "4118605",
  "name": "好客租房",
  "font_family": "iconfont",
  "css_prefix_text": "icon-",
  "description": "",
  "glyphs": [
    {
      "icon_id": "1718353",
      "name": "下箭头",
      "font_class": "xiajiantou",
      "unicode": "e602",
      "unicode_decimal": 58882
    },
    {
      "icon_id": "1727448",
      "name": "217时间-线性",
      "font_class": "shijian-xianxing",
      "unicode": "e8c4",
      "unicode_decimal": 59588
    },
    {
      "icon_id": "1727598",
      "name": "411地图",
      "font_class": "ditu1",
      "unicode": "e906",
      "unicode_decimal": 59654
    },
    {
      "icon_id": "2023693",
      "name": "首页-首页",
      "font_class": "shouye-shouye",
      "unicode": "e638",
      "unicode_decimal": 58936
    },
    {
      "icon_id": "2506223",
      "name": "资讯",
      "font_class": "zixun",
      "unicode": "e643",
      "unicode_decimal": 58947
    },
    {
      "icon_id": "4166140",
      "name": "朋友",
      "font_class": "pengyou",
      "unicode": "e61a",
      "unicode_decimal": 58906
    },
    {
      "icon_id": "4437603",
      "name": "下箭头",
      "font_class": "xiajiantou1",
      "unicode": "e615",
      "unicode_decimal": 58901
    },
    {
      "icon_id": "6308129",
      "name": "地址管理",
      "font_class": "dizhiguanli",
      "unicode": "e694",
      "unicode_decimal": 59028
    },
    {
      "icon_id": "6684323",
      "name": "地址",
      "font_class": "dizhi",
      "unicode": "e640",
      "unicode_decimal": 58944
    },
    {
      "icon_id": "7874507",
      "name": "联系我们",
      "font_class": "lianxiwomen",
      "unicode": "e604",
      "unicode_decimal": 58884
    },
    {
      "icon_id": "10549618",
      "name": "出租屋",
      "font_class": "chuzuwu",
      "unicode": "e66a",
      "unicode_decimal": 58986
    },
    {
      "icon_id": "10715456",
      "name": "星星",
      "font_class": "xingxing",
      "unicode": "e639",
      "unicode_decimal": 58937
    },
    {
      "icon_id": "35951184",
      "name": "房屋租赁",
      "font_class": "fangwuzulin",
      "unicode": "e603",
      "unicode_decimal": 58883
    },
    {
      "icon_id": "68264",
      "name": "搜索，猫客",
      "font_class": "sousuo",
      "unicode": "e600",
      "unicode_decimal": 58880
    },
    {
      "icon_id": "201228",
      "name": "3.1我的",
      "font_class": "31wode",
      "unicode": "e601",
      "unicode_decimal": 58881
    },
    {
      "icon_id": "630085",
      "name": "向上箭头",
      "font_class": "xiangshangjiantou",
      "unicode": "e65d",
      "unicode_decimal": 58973
    },
    {
      "icon_id": "630092",
      "name": "向下箭头",
      "font_class": "xiangxiajiantou",
      "unicode": "e65e",
      "unicode_decimal": 58974
    },
    {
      "icon_id": "630094",
      "name": "向右箭头",
      "font_class": "xiangyoujiantou",
      "unicode": "e65f",
      "unicode_decimal": 58975
    },
    {
      "icon_id": "630095",
      "name": "向左箭头",
      "font_class": "xiangzuojiantou",
      "unicode": "e660",
      "unicode_decimal": 58976
    },
    {
      "icon_id": "1147047",
      "name": "地图",
      "font_class": "ditu",
      "unicode": "e608",
      "unicode_decimal": 58888
    },
    {
      "icon_id": "1287722",
      "name": "查找",
      "font_class": "chazhao",
      "unicode": "e60f",
      "unicode_decimal": 58895
    },
    {
      "icon_id": "1314418",
      "name": "首页",
      "font_class": "shouye",
      "unicode": "e606",
      "unicode_decimal": 58886
    }
  ]
}
