{
  "id": "3943134",
  "name": "购物",
  "font_family": "iconfont",
  "css_prefix_text": "icon-",
  "description": "",
  "glyphs": [
    {
      "icon_id": "5130",
      "name": "珠宝饰品",
      "font_class": "zhubaoshipin",
      "unicode": "e600",
      "unicode_decimal": 58880
    },
    {
      "icon_id": "259478",
      "name": "母婴",
      "font_class": "muying",
      "unicode": "e60d",
      "unicode_decimal": 58893
    },
    {
      "icon_id": "577379",
      "name": "我的",
      "font_class": "wode",
      "unicode": "e75e",
      "unicode_decimal": 59230
    },
    {
      "icon_id": "1048412",
      "name": "家装家居类目",
      "font_class": "jiazhuangjiajuleimu",
      "unicode": "e6e8",
      "unicode_decimal": 59112
    },
    {
      "icon_id": "1048451",
      "name": "日用品",
      "font_class": "riyongpin",
      "unicode": "e63f",
      "unicode_decimal": 58943
    },
    {
      "icon_id": "1304890",
      "name": "搜索",
      "font_class": "sousuo",
      "unicode": "e622",
      "unicode_decimal": 58914
    },
    {
      "icon_id": "2675009",
      "name": "首页",
      "font_class": "shouye",
      "unicode": "e62e",
      "unicode_decimal": 58926
    },
    {
      "icon_id": "3456452",
      "name": "购物车",
      "font_class": "gouwuche",
      "unicode": "e70b",
      "unicode_decimal": 59147
    },
    {
      "icon_id": "3456461",
      "name": "扫码",
      "font_class": "saoma",
      "unicode": "e712",
      "unicode_decimal": 59154
    },
    {
      "icon_id": "3843481",
      "name": "箱包",
      "font_class": "xiangbao",
      "unicode": "e6e9",
      "unicode_decimal": 59113
    },
    {
      "icon_id": "5126063",
      "name": "男装",
      "font_class": "nanzhuang",
      "unicode": "e60a",
      "unicode_decimal": 58890
    },
    {
      "icon_id": "5212890",
      "name": "鞋子",
      "font_class": "tubiao-",
      "unicode": "e611",
      "unicode_decimal": 58897
    },
    {
      "icon_id": "7577496",
      "name": "内衣",
      "font_class": "neiyi",
      "unicode": "e6c1",
      "unicode_decimal": 59073
    },
    {
      "icon_id": "13543853",
      "name": "家电",
      "font_class": "jiadian",
      "unicode": "e61f",
      "unicode_decimal": 58911
    },
    {
      "icon_id": "15346592",
      "name": "分类",
      "font_class": "fenlei",
      "unicode": "e6a7",
      "unicode_decimal": 59047
    },
    {
      "icon_id": "15726859",
      "name": "女装",
      "font_class": "nvzhuang",
      "unicode": "e627",
      "unicode_decimal": 58919
    },
    {
      "icon_id": "16041683",
      "name": "折叠5",
      "font_class": "zhedie5",
      "unicode": "e649",
      "unicode_decimal": 58953
    },
    {
      "icon_id": "33987167",
      "name": "编辑",
      "font_class": "bianji",
      "unicode": "e621",
      "unicode_decimal": 58913
    }
  ]
}
